{
  "placeholderImages": [
    {
      "id": "hero-background",
      "description": "Abstract fiery background for the hero section",
      "imageUrl": "https://picsum.photos/seed/hero/1920/1080",
      "imageHint": "abstract fire"
    },
    {
      "id": "tournament-1",
      "description": "Placeholder for tournament 1",
      "imageUrl": "https://picsum.photos/seed/tourney1/600/400",
      "imageHint": "esports competition"
    },
    {
      "id": "tournament-2",
      "description": "Placeholder for tournament 2",
      "imageUrl": "https://picsum.photos/seed/tourney2/600/400",
      "imageHint": "gaming setup"
    },
    {
      "id": "tournament-3",
      "description": "Placeholder for tournament 3",
      "imageUrl": "https://picsum.photos/seed/tourney3/600/400",
      "imageHint": "team celebration"
    },
    {
      "id": "tournament-4",
      "description": "Placeholder for tournament 4",
      "imageUrl": "https://picsum.photos/seed/tourney4/600/400",
      "imageHint": "gamers focused"
    },
    {
      "id": "news-1",
      "description": "Placeholder for news article 1",
      "imageUrl": "https://picsum.photos/seed/news1/600/400",
      "imageHint": "game character"
    },
    {
      "id": "news-2",
      "description": "Placeholder for news article 2",
      "imageUrl": "https://picsum.photos/seed/news2/600/400",
      "imageHint": "game map"
    },
    {
      "id": "news-3",
      "description": "Placeholder for news article 3",
      "imageUrl": "https://picsum.photos/seed/news3/600/400",
      "imageHint": "new weapon"
    }
  ]
}
